Reference period,All-items,Food 5,Food purchased from stores,Meat,Fresh or frozen meat (excluding poultry),Fresh or frozen beef,Fresh or frozen pork,Other fresh or frozen meat (excluding poultry),Fresh or frozen poultry,Fresh or frozen chicken,Other fresh or frozen poultry,Processed meat,Ham and bacon,Bacon (2013=100),Ham excluding deli ham (2013=100),Other processed meat,"Fish, seafood and other marine products",Fish,Fresh or frozen fish (including portions and fish sticks),Canned and other preserved fish,Canned salmon (2013=100),Canned tuna (2013=100),Seafood and other marine products,Shrimps and prawns (2013=100),Other shellfish (2013=100),Dairy products and eggs,Dairy products,Fresh milk,Whole milk (2013=100),Low-fat milk (2013=100),Butter,Cheese,Cheddar cheese (2013=100),Processed cheese (2013=100),Unripened or fresh cheese (2013=100),Mozzarella cheese (2013=100),Ice cream and related products,Other dairy products,Eggs,Bakery and cereal products (excluding baby food),Bakery products,"Bread, rolls and buns",Cookies and crackers,Crackers and crisp breads (2013=100) (Terminated),Cookies and sweet biscuits (2013=100) (Terminated),Other bakery products,Cereal products (excluding baby food),Rice and rice-based mixes,Breakfast cereal and other cereal products (excluding baby food),Pasta products,Dry or fresh pasta (2013=100),Pasta mixes (2013=100),Flour and flour-based mixes,"Fruit, fruit preparations and nuts",Fresh fruit,Apples,Oranges,Bananas,Other fresh fruit,Preserved fruit and fruit preparations,Fruit juices,Other preserved fruit and fruit preparations,Canned fruit (2013=100),"Jam, jelly and other preserves (2013=100)",Dried and dehydrated fruit (2013=100),Frozen fruit (2013=100),Nuts and seeds,Vegetables and vegetable preparations,Fresh vegetables,Potatoes,Tomatoes,Lettuce,Other fresh vegetables,Preserved vegetables and vegetable preparations,Frozen and dried vegetables,Canned vegetables and other vegetable preparations,Other food products and non-alcoholic beverages,Sugar and confectionery,Sugar and syrup,Confectionery,Edible fats and oils,Margarine,Other edible fats and oils,Coffee and tea,Coffee,Roasted or ground coffee (2013=100),Instant and other coffee (2013=100),Tea,"Condiments, spices and vinegars",Fermented or pickled vegetables (2013=100) (Terminated),"Sauces, condiments and dips (2013=100) (Terminated)","Herbs, spices and seasonings (2013=100) (Terminated)",Other food preparations,Soup,Baby foods,Canned infant or junior foods (2013=100),Infant formula (2013=100),Frozen food preparations,All other food preparations,Nut butter (2013=100),Potato chips and other snack products n.e.c. (2013=100),All other miscellaneous food preparations (2013=100),Non-alcoholic beverages,Food purchased from restaurants 5,Food purchased from table-service restaurants 5,Food purchased from fast food and take-out restaurants 5,Food purchased from cafeterias and other restaurants 5,Shelter 6,Rented accommodation,Rent 7,Tenants' insurance premiums,"Tenants' maintenance, repairs and other expenses",Owned accommodation,Mortgage interest cost,Homeowners' replacement cost,Property taxes and other special charges,Homeowners' home and mortgage insurance 8,Homeowners' maintenance and repairs,Other owned accommodation expenses,"Water, fuel and electricity",Electricity,Water,Natural gas,Fuel oil and other fuels,"Household operations, furnishings and equipment",Household operations,Communications,Telephone services,Cellular services (2017=100),Postal and other communications services,Internet access services (200212=100) 9,Telephone equipment (201104=100),Child care and housekeeping services,Child care services 10,Housekeeping services 11,Household cleaning products,Detergents and soaps (other than personal care),Laundry detergents and soaps (2013=100),Detergents and rinse agents for dish washing (2013=100),Other household cleaning products,Household cleaning and polishing products (2013=100),Bleach and other household chemical products (2013=100),Fabric softener (2013=100),"Paper, plastic and aluminum foil supplies",Paper supplies,Household paper supplies (2013=100),Stationery (2013=100),Plastic and aluminum foil supplies,Plastic supplies (2013=100) (Terminated),Foil supplies (2013=100) (Terminated),Other household goods and services,Pet food and supplies,"Seeds, plants and cut flowers",Other horticultural goods,Other household supplies,Other household services,Financial services (200212=100),Household furnishings and equipment,Furniture and household textiles,Furniture,Upholstered furniture,Wooden furniture,Other furniture,Household textiles,Window coverings,Bedding and other household textiles,Area rugs and mats (Terminated),Household equipment,Household appliances,Cooking appliances,Refrigerators and freezers,Laundry and dishwashing appliances,Other household appliances,"Non-electric kitchen utensils, tableware and cookware",Tools and other household equipment,"Household tools (including lawn, garden and snow removal equipment)",Other household equipment,Services related to household furnishings and equipment,Clothing and footwear,Clothing,Women's clothing,Men's clothing,Children's clothing,Footwear,Women's footwear (excluding athletic),Men's footwear (excluding athletic),Children's footwear (excluding athletic),Athletic footwear,"Clothing accessories, watches and jewellery",Leather clothing accessories (Terminated),Other clothing accessories (Terminated),Clothing accessories (2013=100),Watches,Jewellery,"Clothing material, notions and services",Clothing material and notions (Terminated),Laundry services (Terminated),Dry cleaning services (Terminated),Other clothing services (Terminated),Transportation,Private transportation,"Purchase, leasing and rental of passenger vehicles",Purchase and leasing of passenger vehicles,Purchase of passenger vehicles 12,Purchase of automobiles (2013=100),"Purchase of trucks, vans and sport utility vehicles (2013=100)",Leasing of passenger vehicles,Rental of passenger vehicles,Operation of passenger vehicles,Gasoline,"Passenger vehicle parts, maintenance and repairs","Passenger vehicle parts, accessories and supplies",Passenger vehicle maintenance and repair services,Other passenger vehicle operating expenses,Passenger vehicle insurance premiums 13,Passenger vehicle registration fees,Drivers' licences,Parking fees,All other passenger vehicle operating expenses,Public transportation,Local and commuter transportation,City bus and subway transportation,Taxi and other local and commuter transportation services,Inter-city transportation,Air transportation 14,"Rail, highway bus and other inter-city transportation",Health and personal care,Health care,Health care goods,Medicinal and pharmaceutical products,Prescribed medicines (excluding medicinal cannabis) 15,Medicinal cannabis (201812=100),Non-prescribed medicines,Eye care goods,Prescription eyeglasses (2013=100) (Terminated),Contact lenses (2013=100) (Terminated),Other eye care goods (2013=100) (Terminated),Other health care goods,Health care services,Eye care services (200704=100),Dental care services,Other health care services,Personal care,Personal care supplies and equipment,Personal soap,Toiletry items and cosmetics,"Creams, lotions and cosmetics (2013=100) (Terminated)",Perfume and cologne (2013=100) (Terminated),Hair preparations and other toilet preparations (2013=100) (Terminated),Oral-hygiene products,Other personal care supplies and equipment,Personal care services 16,"Recreation, education and reading",Recreation,Recreational equipment and services (excluding recreational vehicles),Sporting and exercise equipment,"Toys, games (excluding video games) and hobby supplies",Digital computing equipment and devices 17,"Computer equipment, software and supplies (201104=100)",Multipurpose digital devices (201104=100),Photographic equipment and supplies,Other recreational equipment,Recreational services 18,Purchase and operation of recreational vehicles,Purchase of recreational vehicles and outboard motors,Operation of recreational vehicles,"Fuel, parts and accessories for recreational vehicles","Insurance, licences and other services for recreational vehicles","Home entertainment equipment, parts and services",Audio equipment,Video equipment,Rental of digital media (Terminated),Purchase of digital media,"Other home entertainment equipment, parts and services (Terminated)",Travel services,Traveller accommodation 19,Travel tours 20,Other cultural and recreational services,Spectator entertainment (excluding video and audio subscription services) 21,Video and audio subscription services,Use of recreational facilities and services 22,Education and reading,Education,Tuition fees,School textbooks and supplies,"Other lessons, courses and education services",Reading material (excluding textbooks),Newspapers,Magazines and periodicals,Books and reading material (excluding textbooks),"Alcoholic beverages, tobacco products and recreational cannabis",Alcoholic beverages,Alcoholic beverages served in licensed establishments,Beer served in licensed establishments 23,Wine served in licensed establishments 24,Liquor served in licensed establishments 25,Alcoholic beverages purchased from stores,Beer purchased from stores,Wine purchased from stores,Liquor purchased from stores,Tobacco products and smokers' supplies,Cigarettes,Other tobacco products and smokers' supplies,Recreational cannabis (201812=100),All-items (1992=100) (Terminated),All-items excluding food,All-items excluding food and energy 26,All-items excluding mortgage interest cost,"All-items excluding alcoholic beverages, tobacco products and smokers' supplies and recreational cannabis",All-items excluding alcoholic beverages and recreational cannabis (Terminated),All-items excluding tobacco products and smokers' supplies and recreational cannabis (Terminated),All-items excluding shelter,All-items excluding energy 26,All-items excluding gasoline,"All-items excluding shelter, insurance and financial services (Terminated)",Private transportation excluding gasoline,Food and energy 26,Fresh fruit and vegetables,Energy 26,Housing (1986 definition) (Terminated) 27,Shelter (1986 definition) (Terminated) 27,Goods and services (Terminated) 26 28,Goods 28,Durable goods 28,Semi-durable goods 28,Non-durable goods 28,Non-durable goods excluding food purchased from stores (Terminated) 28,Non-durable goods excluding food purchased from stores and energy (Terminated) 26 28,Goods excluding food purchased from stores (Terminated) 28,Goods excluding food purchased from stores and energy 26 28,Services 29,Services excluding shelter services (Terminated) 27 29,Digital economy services (201812=100)
2020/01/01,136.8,153.5,151.6,169.9,176.7,190,147,165.6,167.7,173.9,134.9,160.5,146.3,125.8,124.9,168.6,144.2,158.3,154.4,165.1,156.2,116.7,111.9,121,108.1,138.8,136.4,144.2,105.6,104.4,144,130.6,97,94.6,112.8,97.7,129.9,135.6,166.2,156.9,167.7,181.1,150.3,124.2t,105.5t,156.2,138.1,154.2,125.7,148,91.4,115.3,152.3,142.5,140.7,155.3,147.5,129.4,134.6,137.2,143.3,126.4,113.1,106.5,123.6,86.9,160.6,162.4,167.8,128.4,192.1,165,178,145.4,147.9,145.8,139.1,147.4,114.2,154.4,146.5,156.5,136.5,131.1,133.4,94.3,93,125.1,123.1,117.6t,97.9t,109.2t,144.8,141.7,145.7,120.5,109.4,125.2,157.6,85.4,107.1,124.2,136.8,158.2,159,156.4,158.2,146.4,126.2,126.2,108.4,148.2,150.9,119,168.3,167.2,254.4,143.7,170,161.8,148.5,257.1,114,245.4,122.6,138.2,119.7,113.2,87.1,210.5,123.8,86,175.1,169.6,190.2,119.5,105.4,107.1,113.2,139.4,102.9,110,101.5,137.6,140.9,112.8,120.4,124.5,105.7t,105.8t,152.1,149.4,125.7,111,115.2,191.2,148.3,95.8,93.5,89.1,92.3,94.4,80.6,113.8,137.2,103.1,..t,86.4,83.5,81.5,84.5,85,84.1,72.3,93.2,93.2,93.2,192.4,95.8,85.1,80.4,94.1,80,93.7,92.6,97.7,96.1,90.7,140.4,99.8t,87.0t,105.3,112.4,193.8,155.5,127.0t,143.2t,170.9t,169.0t,143.4,140.2,107.3,107.2,108.1,114.1,117.6,101.8,112.5,170,166.4,148.6,136.3,155.6,186.6,191.8,140.5,174.5,202.7,143.2,172.1,165.9,174.1,146.6,171.5,171.1,143.3,128.6,130.7,106,101.6,87,93.5,129,116.7,105.0t,100.7t,106.5t,123.4,171.8,133.6,167,187.2,126.8,108.8,113.6,105.1,102.4t,98.3t,105.1t,131.6,105.5,155,113,98.4,52.3,81.2,91.6,18.5,77.7,63.7,26.6,77,129.1,138,117.7,172.6,165.7,172.6,45.3,44.7,20.8,..t,74.1,..t,83.2,76.9,86.3,182.1,153.4,214.5,158.2,164,167.8,175.4,148.1,149.8,159.9,194.6,155,127.4,171.4,131.9,147.8,154.9,129.4,150,125,133.8,112.3,123.2,240.8,240.6,245.7,89.6,..t,133.6,131,138,135.7,136.9t,135.6t,133.2,134.9,135.5,..t,131.9,154.9,155.5,158.6,..t,..t,..t,123.7,92.1,98.2,149.6,148.1t,137.5t,115.7t,104.4,149.7,152.6t,97.3
2020/02/01,137.4,152.9,150.6,168.3,175.3,187.2,148.3,165.4,165.1,170.2,136.1,159.5,155.1,132.6,134.1,165.7,144.3,161,157.1,168.1,155.3,120.7,107.8,114.6,108.5,140.5,138.3,147,107.2,106.5,155.5,130.2,94.8,98.5,112.2,97.9,127.7,139.4,165.6,157.9,169,181.4,148.9,121.1t,106.0t,160.4,138.7,154.6,126,152.1,95.5,118,149.8,137.1,133.5,154.9,138.2,130.5,125.2,138.7,143.5,129.5,113.3,109,124.7,92.8,152.8,161.8,166.5,127,192.9,160.6,176.5,146.9,145.6,149.1,138,147.5,108.6,155.7,147.9,160,137.1,134,135.9,96,94.7,130.6,124.6,119.0t,99.0t,110.5t,142.4,142.2,145.2,118.9,109.7,126.5,152.6,85,101.4,122.8,132.1,158.3,159.1,156.5,158.3,146.7,127.1,127.1,109.4,148.2,151.1,119.3,168.1,167.2,256.8,143.6,170,161.2,148.9,257.1,113.9,228.2,123.3,138.8,119.9,113.2,87.1,212.5,124.4,85.1,176.6,171.2,191,120.3,104.8,107,111.8,141.5,103.8,112.7,100.8,138.8,142,114.9,119.2,126.8,107.4t,108.6t,152.9,151.5,129.6,111.7,115.2,191.2,148.7,96.8,93.9,89.1,92.3,94.4,80.6,117.9,135.4,108.1,..t,87.8,84.2,84.4,85.6,85.3,83.7,77.5,94.1,94,94.2,192.4,97.4,86.9,81.9,95.8,82.7,94.7,94.7,97.7,97.8,91.1,141.7,101.7t,88.7t,107.4,111.9,194.3,156,127.0t,144.0t,171.8t,169.1t,144,140.6,108.6,108.5,109.5,114.6,119.4,103.1,112.5,169.1,163.1,148.6,136.3,155.6,187.3,192.7,140.5,174.5,202.8,143.2,174,165.9,174.1,146.6,174.3,173.7,148.4,128.8,131,106.5,101.9,87,93.5,129.9,116.8,105.0t,100.7t,107.0t,125.6,171.8,133.6,167,187.2,126.8,108,105.6,104.8,102.1t,97.3t,105.2t,134.8,104.5,156.2,116,102,51.6,81.7,91.4,17.8,77.5,58.2,26.6,79.4,128.9,137.5,117.2,172,162.2,173,45.5,46.9,20.8,..t,72.7,..t,95.2,78.3,107.4,181.9,153.1,214.5,157.9,164,167.8,175.4,148.7,149.8,159.9,194.6,155,127.4,171.4,131.7,147.9,155,129.4,150.3,124.6,134,111,123.1,241.9,241.7,246.8,89.4,..t,134.5,132.1,138.7,136.3,137.6t,136.3t,134,135.7,136.3,..t,133,153.9,151.4,156.6,..t,..t,..t,123.9,92.8,99.6,148.8,147.4t,138.0t,116.1t,105.2,150.8,154.4t,97.4
2020/03/01,136.6,152.8,150.5,170.4,178,192.8,145.6,166.5,166.5,171.2,138.6,161.5,151.6,129.7,130.9,168.8,146,160.9,157.5,166.2,156.8,117.1,112.3,122.4,106.6,140.3,138.5,147.1,108.1,106.4,153.6,130.2,97.5,95.6,108.8,98.3,133.8,138.7,161.2,159.6,170.9,182.9,150.6,125.5t,105.0t,162.6,140.3,155.8,127.1,154.9,96.2,118,152.6,133.4,127.8,160.7,140.5,130,115.2,137.4,141,129.7,113.8,108.3,124.1,93.3,156.6,158.9,162.2,131.3,179.3,157.4,172.4,148.6,148.2,150.3,138.7,147.6,115.9,154.3,145.4,159.6,133.8,131.6,134.2,95.3,93.1,123.8,124,124.7t,97.6t,110.6t,145,147.2,146.6,120.4,110.6,124.7,157.2,86.2,106.2,124.5,133,158.1,159.2,155.5,158.2,146.5,127.3,127.3,110.4,148.2,151.6,119.6,169,167.2,259.6,143.5,170.7,157.6,145.1,257.1,111.7,216.3,123.7,138.9,120.1,113.2,87.1,212.5,124.8,85.1,176.6,171.2,191,119.1,104.2,104.2,114.4,139.6,102.4,111.4,99.2,137.7,140.9,113.9,118.5,125.5,105.3t,109.9t,153.3,152.8,129.6,111.7,117.8,191.2,148.9,97.8,94.8,90.2,93.6,96.3,80.7,116.4,135.7,106.4,..t,88.8,86.1,84.4,85.6,85.3,88.8,77.2,94.5,94.5,94.6,193,99,88.7,84.6,97.2,81.7,95.8,95.5,98.5,102.4,91.9,143.3,106.0t,89.6t,110.2,111.9,194.3,156,127.0t,144.0t,171.8t,169.1t,138.9,135.4,107.3,107.3,108.2,115.1,117.5,102,105.2,158.9,134,148.6,136.3,155.6,188.2,193.9,140.5,174.5,202.8,143.2,170.5,165.9,174.1,146.6,169.1,168.6,143.8,128.6,130.9,106.3,101.8,87,91.5,129.9,117.3,105.5t,102.2t,106.7t,124.1,172,135.6,167,187.2,126.5,107.5,102.6,103.7,100.8t,97.7t,104.3t,135.2,105.3,156.2,116,102.1,51.5,87.8,91.7,17.3,77.2,53.7,27.2,79.8,128.9,132.9,113.5,165.6,135.9,173.6,44.6,45.9,20.2,..t,72.7,..t,97.5,78.3,111.7,181.9,153.1,214.5,157.9,163.3,167.8,175.4,149,149.8,151.6,194.6,155,118.6,171.5,131.6,148,155,129.9,150.3,124.4,133.1,111,123.8,242.8,242.6,248,89.2,..t,133.5,132.2,137.8,135.5,136.8t,135.4t,132.9,135.8,136.3,..t,132.2,149.4,146.4,140.6,..t,..t,..t,122,92.2,100.7,144.7,140.0t,137.9t,113.7t,105.2,151.1,154.5t,97.5
2020/04/01,135.7,154,151.9,170,180.9,194.3,153.4,161.1,160.7,168.2,124.7,161.9,149.2,135,112.3,169.8,144.4,160.8,157,167.4,154,122.5,108.4,116.3,106.6,142.8,140.4,147.2,107.6,106.6,149.2,135,99.2,101,115.6,101.2,129.3,141.3,170,158.7,168.1,181.2,150.6,123.7t,106.3t,156.9,141.9,160.1,129.3,156.4,99,121.1,143.1,138.8,135.6,154,144.9,129.5,127.6,137.7,141.2,129.9,114.3,105.7,122.6,95.9,157.7,160.3,163.4,139.4,172.9,162.8,173.6,150.5,148.6,152.9,139.8,147.8,110.9,155.6,147.4,166.2,133.9,132.7,134.5,97,91.8,130,125.2,113.5t,100.5t,110.7t,147.4,170,145.7,120.2,109.6,128.1,156,85.4,107.3,120.7,132.3,159.2,159.7,158.1,159.3,146,126.5,126.5,111.4,147.2,152,119.9,169.6,167.2,261,143.3,171.5,153.5,138.6,260.4,113.8,192.2,124.2,139.2,119.2,112.8,86.8,212.5,123.1,80.4,176.1,171.1,189.8,124.6,110.1,110.5,120.5,145,103.6,116.8,105.5,145.1,149.4,124.7,119.3,127.6,107.3t,111.2t,153.3,151.9,128.9,112.2,117.8,191.8,148.9,98.7,95.4,90.8,93.6,96.3,82.8,116.3,134,106.6,..t,90.1,86.6,85.6,85.6,83.3,90.6,83,95,95,94.8,193,93.2,82.2,79.8,88.1,75,91.9,90.3,93.4,97.7,89.6,138.7,98.0t,83.7t,102.4,111.9,194.3,156,127.0t,144.0t,171.8t,169.1t,136.7,132.6,107.5,107.5,108.4,115.5,117.6,102.2,105.2,152,113.6,149.4,137.7,156.2,188.4,194.3,140.5,174.5,202.8,143.2,174,165.9,174.1,146.6,174.3,174.4,138.9,128.7,131.6,106.2,102.2,87.3,90,130.7,117.3,105.5t,102.2t,106.9t,119.9,174.3,135.6,170.1,188.6,125.9,107.1,106,102.4,98.7t,102.8t,103.1t,134,106,155.2,115,101,51.2,87.8,90.5,17.3,77.5,53.9,27.2,74.9,128,132.6,114.4,161.4,118.9,174,44.4,43.9,20,..t,76.3,..t,94.5,72.7,111,181.9,152.1,215.6,157,163.4,167.8,175.4,149.2,149.8,152.1,197.5,156.3,118.6,172.1,131.9,148.3,155.8,129.6,149.9,124.7,133.7,111.3,123.7,244.5,244.2,249.6,89.4,..t,132.3,131.8,136.9,134.6,135.9t,134.5t,132,135.7,136,..t,132.6,146.8,150.8,128.3,..t,..t,..t,120.2,92.5,96.1,142.5,134.8t,138.7t,111.1t,104.3,151.1,154.5t,97.2
2020/05/01,136.1,154.3,152.3,173.5,188.8,207.4,150.9,168.5,162.3,167.1,134.3,162.6,151.8,127.2,137.2,170.1,149,164.7,161.4,169.6,154.8,125.6,113.8,123,110.4,142.8,140.5,147.4,107.7,106.8,150.4,133.9,98.1,99.4,114.3,102.1,136.4,140.8,168.6,160.2,167.8,180,151.6,126.3t,105.7t,156.8,145.9,162.4,131.8,160.7,104,121.5,163.6,138.3,134.1,157.6,155.7,131,122.5,140.6,144.7,132.1,119.4,105,124.4,95.7,156.2,157.9,159.8,147.4,125.7,155.4,177,152,150.5,154.2,139.1,146.3,110.2,154,151,163.6,139.8,131.5,133.1,93.8,93,129.8,119.4,111.6t,93.9t,111.1t,148.5,162.4,143.7,116.4,109.6,128.9,159,89,107.5,125.2,132.2,159.3,159.7,158.4,159.4,145.6,125.5,125.5,110,141.7,151.9,119.8,169.7,167.2,261.6,141.6,171.6,152.8,138.4,260.4,115.4,169.8,123.6,138.9,117.3,110.1,84,212.5,123,81.2,177,171.4,192.3,125.7,110.3,110.5,120.9,147.1,105.8,118.3,106.2,141.5,145.5,120.2,118.2,125.2,106.0t,107.5t,154.7,155.9,129.5,115.1,117.8,192.5,150.5,97.4,92.6,87.8,91.4,91.5,80.1,115.9,136.2,105.7,..t,89.8,86.7,85.7,85.6,83.3,91,82,94.5,94.7,94.3,193,91.5,80.9,76.7,88.4,77,89.2,85.5,93.1,92.3,88,136.9,94.7t,83.8t,100.7,112.1,191.3,156.5,127.0t,144.3t,172.6t,170.5t,139.7,135.9,107.5,107.5,108.4,115,117.8,102.1,105.2,159.6,132.8,149.4,137.7,156.2,190.6,197,140.5,174.5,202.8,144.7,174.8,165.9,174.1,146.6,175.5,175.7,138.9,128.4,131.2,105.7,102.2,87.2,90,130.9,116.7,105.5t,102.2t,104.5t,115.4,174.3,135.6,170.1,188.6,125.7,106.2,110.1,101.9,98.9t,98.3t,102.0t,134.3,102.8,156.3,115.5,101.6,50.9,85.6,92.8,17.3,77.1,54.4,26.7,69.1,128.4,136.9,118,167,135.4,175.7,44.6,43.3,20.2,..t,76.3,..t,94.9,73.3,111.3,182.7,152.5,215.6,159,163.4,167.9,175.4,149.2,149.8,152.1,197.5,156.3,118.6,172.1,132,148.5,155.2,130.4,150.9,124.7,133.5,111.4,123.8,244.3,244,249.5,89.6,..t,132.7,131.5,137.3,135,136.3t,134.9t,132.6,135.5,135.8,..t,132.9,149.5,148.2,137,..t,..t,..t,121,92.3,94.9,144.8,138.7t,138.6t,111.9t,103.8,151.1,154.8t,95.9
2020/06/01,137.2,154.8,152.8,177,201.2,224.6,155.8,171.5,155.5,159.7,130.1,164.9,157.7,137.1,131.2,171.7,145.7,160.7,158.5,163,156.6,115.3,111.9,120.2,110.1,142.1,139.9,146.9,107.8,106.3,147.6,131.9,98.1,97.4,111,99.4,132.7,143.5,167.6,158.9,167.8,179.3,153.8,127.8t,107.5t,156,142.9,158.5,128.5,159.2,103.5,117.5,162.6,139,135.5,161.1,163.6,131,122.5,139.4,142.6,132.1,120.6,106.1,124.4,94.1,155.8,163.1,166.9,144.9,146.1,158.8,183.7,151.4,150.6,153.2,137.8,145,107.9,152.8,148.7,160.8,137.8,131.6,133.8,96,91.9,126.2,121.2,118.0t,95.3t,110.3t,146.6,152.9,141.7,112.2,109.7,130.1,156.8,83.8,106.5,124,129.1,159.5,160.1,158.2,159.6,146.4,126.3,126.3,110.4,141.7,151.9,119.5,169.9,167.2,263.7,141.4,171.8,157.2,145.5,260.4,115.1,174,123.7,138.9,117.2,110.2,84.1,212.5,122.2,85.3,177.4,171.6,193.3,124.3,109.2,108,121.8,145.3,106,116.6,102.4,139.4,142.5,115.1,120.1,127.7,106.9t,112.8t,155.2,155.5,129.6,113.9,122.4,193.2,150.6,97.8,92.9,87.9,91.4,91.5,80.2,118.2,136.4,108.3,..t,90.3,87.7,87.2,86.4,82.8,92.8,80,95.4,95.4,95.3,193,92.4,81.6,78.3,88.3,76.3,90.5,87.1,92.9,94.7,89.5,137.9,96.9t,84.7t,102.4,112.1,191.3,156.5,127.0t,144.3t,172.6t,170.5t,142.8,138.7,108.6,108.5,109.5,115.1,119.2,103,111.8,164.8,146.7,149.4,137.7,156.2,190.9,197.8,140.5,174.5,200.3,144.7,179.8,166,174.1,146.7,182.7,183.3,138.9,128.3,131.5,106.1,102.4,87.3,90,131.3,116.4,105.5t,102.2t,103.5t,117.9,174.3,135.6,170.1,188.6,125,104.9,106.7,101.1,98.0t,101.1t,100.8t,127.7,102.4,156.8,116.3,102.4,51.2,84.3,91.7,17.5,77.3,55.4,26.6,74.1,129.5,138.4,118.7,170.7,147.9,176.3,44.2,43.7,20.7,..t,66,..t,96.4,75.4,112.2,183.1,153.8,215.6,159.4,164.3,167.9,175.4,149.3,149.8,162,197.5,156.3,129.1,172.2,132,148.3,154.9,130.4,150.8,124.8,133.5,111.9,123.4,244.4,244.2,249.5,89.6,..t,133.8,132.1,138.4,136,137.4t,136.0t,133.7,136.1,136.5,..t,133.8,152.4,152.5,146.2,..t,..t,..t,122.6,93,95.8,147.3,142.8t,138.4t,113.8t,104.3,151.6,155.5t,95.8
2020/07/01,137.2,155,152.9,175.5,190.8,209.6,151.6,172.8,163.9,170.2,131.1,164.7,157.5,133.4,139.1,171.6,144.5,160.2,156.3,167.1,162.9,117.8,109.5,118.6,105.9,141.2,138.7,147,107.7,106.4,146.6,132.1,97.3,98.6,114,97.4,133.5,138.4,169.7,156.9,164.9,177,153,128.8t,105.7t,151.4,142,159.7,128.5,152.6,95.3,117,162,141.7,139.7,169,177.5,129.8,125.1,136.9,139.7,130.1,117.7,105,124.8,92.1,160.5,165.4,168.9,144.1,153.5,132.9,188.3,154.6,151.7,157.5,138,142.4,111.5,149,144.3,158.3,132.9,131.9,134,94.9,93.2,127,124.4,126.0t,98.1t,110.0t,147.1,165.5,138.8,108.3,108.5,127.7,156.9,86.3,105.9,124.4,129.7,160.2,160.9,158.7,160.3,146.4,125.9,125.9,112,141.7,151.9,119.2,170.1,167.2,262.9,141.4,171.9,158.1,147.1,262,112.7,185.1,124.2,138.8,117.4,110.4,84.3,212.5,122.7,78.2,177.4,171.6,193.3,123.8,109.7,109.1,121.5,143.8,103.1,116.1,103.2,137.2,140.1,113.6,117.3,126.4,107.4t,107.3t,155.2,155.3,129.6,113.6,122.4,193.2,150.6,99.3,95.9,91,91.8,97.4,84.7,120.5,136,111,..t,90.7,87.9,87.8,86.4,82.8,92.8,80,96.2,96.2,96.1,193.6,92.1,80.7,75.9,89.4,76.4,91.6,84.4,95.7,95.3,92.7,140.3,100.9t,87.9t,106.5,112.1,191.3,156.5,127.0t,144.3t,172.6t,170.5t,142.8,139.1,107.6,107.5,108.4,115.3,117.7,102.2,111.8,167.2,153.1,150.1,138.1,157,190.7,197.6,139.9,174.5,200.3,144.7,175.8,166.7,175,147.2,176.5,176.7,139.7,128.8,132.1,106.8,102.9,87.4,90,132.5,117.4,105.8t,100.8t,107.2t,120.4,174.6,139.3,170.1,188.6,125.3,105.4,102.6,101.2,98.9t,100.4t,99.1t,134.4,103.2,156.7,116.3,102.4,50.9,87.4,91.1,17.1,77.4,51.6,26.6,75.4,129.5,138.9,118.9,172.3,153.9,176.3,44.8,45.1,21,..t,66,..t,96.6,75.9,112.3,182.6,148.5,216.7,159.2,164.1,167.7,175.4,147.8,149.8,162.3,201.9,155.6,129.1,172,131.9,148.1,154.8,129.7,150.8,124.8,133.9,111.2,123.9,244.5,244.3,249.7,89.2,..t,133.9,131.9,138.5,136.1,137.4t,136.1t,133.9,136,136.4,..t,133.1,153.6,155.6,149.7,..t,..t,..t,122.9,92.8,95.7,148.2,144.5t,138.4t,114.2t,104.2,151.5,155.4t,96.2
2020/08/01,137,153.8,150.8,170.4,178.9,193.6,146.3,168.5,163.6,170.3,129.9,162.6,157.2,134.1,136.7,169.1,146.8,161.8,158,168.5,160.7,117.8,112.7,123.9,104.9,142.3,139.6,147,107.5,106.5,147.3,133.2,99.7,96.3,113.5,99.5,132.2,140.6,172.4,157.8,166.4,179,150.1,126.9t,103.2t,155.1,142.1,153.1,129,156.7,96.6,123.9,161.3,140.9,138.3,169.9,160.5,130,125.9,138.7,142.1,131.2,119.6,104.3,125.8,93,158.1,158.3,160.9,139.7,154.4,134.8,176.5,150.5,148.8,152.8,136,142.4,107.8,149.7,146.6,160.4,135.2,130.1,132.8,95.8,90.8,121.4,123.2,122.1t,97.2t,110.0t,144.7,147,143.9,117.8,108.8,129.7,154.4,85.3,102.5,124.7,124.9,160.7,161.7,158.5,160.8,146.8,127,127,112.7,141.7,152,118.8,170.5,167.2,262.9,141.5,172.5,158.5,147.1,262,113.5,187.3,124,138.3,116,109.2,83.1,212.5,120.9,79.7,177.4,171.6,193.3,123.8,108.9,107,122.6,144.6,106.1,114.9,104.2,137.9,140.9,115.2,116.5,126.6,106.5t,110.4t,155.1,155,129.4,113.4,122.4,193.2,150.6,99.9,95.5,90.7,91.8,97.4,83.8,118.8,135.8,109.1,..t,92,88.7,88.8,87.4,84.5,92.8,84.5,96.9,96.8,96.9,193.6,93.5,81.8,76.8,91.3,76.3,92.7,86.7,95.7,97.6,93.1,144.5,97.3t,85.1t,102.9,116.7,210.3,157.1,127.0t,145.0t,173.7t,171.5t,141.5,138.3,106.5,106.4,107.3,115.3,116,101.1,111.8,166.9,151.9,150.1,138.1,157,191.1,198.1,139.9,174.5,200.3,144.7,169.9,166.5,175,146.6,168,167.6,140.6,129.6,131.2,105.6,102,87.4,87.4,130.2,116.1,105.8t,100.8t,102.3t,116.7,174.6,139.3,170.1,188.6,128.4,105.1,101.1,102.2,99.5t,101.0t,101.2t,126.1,102.8,165.3,116.1,102.2,50.6,85.7,91.8,16.8,77.5,49,26.9,76.5,129.2,138.3,118.2,172.3,152.9,176.7,44.6,44,21,..t,66,..t,96.8,76.5,112,182.7,148.8,216.7,159.2,163.9,167.5,175.4,144.8,149.8,162.3,201.9,155.6,129.1,171.8,131.9,147.8,154.1,129.7,151.1,125,133.4,111.9,124.4,244.8,244.5,249.9,88.3,..t,133.8,131.9,138.3,135.9,137.2t,135.8t,133.4,135.7,136.2,..t,132.4,152.5,150.7,149.3,..t,..t,..t,122.3,92.4,96.3,147.1,144.1t,138.0t,114.0t,104.1,151.6,155.2t,95.2
2020/09/01,136.9,152.6,149.1,168.8,174.6,187.2,145.9,166,164,169.2,134.9,162.1,153.5,129.8,136.2,169.2,143.5,157.4,152.1,168.1,160.4,117.9,111.5,121.2,106.6,140.8,137.8,146.6,107.4,106.1,153.7,130.8,97.9,96,111.4,96.4,134.4,135.7,174.2,155.1,165.7,177.6,151.4,126.0t,105.6t,153.9,136.7,149.6,124.3,146.7,89.3,113,156.1,138.1,135.3,167.7,156.3,131,122.3,133.9,136.6,127.3,115,102,123.7,89.7,160.2,153.2,154.4,133.8,157.2,135.2,167,149.8,148,152.2,137,145.6,104.7,154.2,148,164.6,135.4,131.3,133.8,96.5,91.4,124.3,124.5,125.1t,98.1t,110.9t,144.8,151.2,143.5,117.6,108.5,125.6,156,82.6,105.9,123.7,125.5,160.9,161.6,159.2,161,147.3,127.3,127.3,113.3,145.2,152.4,118.2,171.6,167.2,265.4,142.5,173.6,159.7,148.2,262,116.2,182.1,124,137.8,114.7,106.2,80.1,212.5,123.4,81.8,179.6,173.7,195.7,122.3,108,106.3,121.4,142.3,102,114.5,103.4,135.9,138.6,113.1,114.9,126.2,106.7t,108.5t,155.2,153,129.2,113.1,123.8,194.1,150.6,100.5,96.6,91.7,95.1,97.6,82.5,120.5,136.2,111,..t,92.1,89,88.8,87.4,84.5,93.7,84.5,96.9,96.8,96.9,193.6,94.5,82.6,78.3,92,75.2,94.2,91.3,95,99.7,93.1,145.4,98.4t,86.7t,104.4,116.7,210.3,157.1,127.0t,145.0t,173.7t,171.5t,140.4,137.9,106.4,106.1,107,115.1,115.8,100.9,121.6,166.2,151.3,150.1,138.1,157,189.7,196.3,139.9,174.5,200.2,144.7,161.9,166.5,175,146.6,156.4,155.3,141.2,129.8,131.5,104.9,101,87.4,82.4,128.1,116.5,105.8t,100.8t,103.8t,115.5,177.2,139.3,171.6,193.9,128.5,105.3,107.4,100.7,98.1t,101.2t,99.0t,130,103.7,165.3,116.6,102.3,51.6,87.5,90.4,17.6,77,57.1,26.5,77,129,138.1,118.1,171.6,151.8,176.1,44.4,42,21,..t,66,..t,95.9,74.8,111.8,182.7,148.6,216.7,159.2,166.1,170.3,178.8,146.2,150.3,158.5,201.9,155.6,125.2,172.1,132.4,147.9,154.1,129.8,151.1,125.7,134.2,112.5,125,247.5,247.3,252.6,85.8,..t,133.9,131.9,138.2,135.8,137.1t,135.7t,133.1,135.6,136.1,..t,132,151.8,145.9,149.8,..t,..t,..t,122.2,92.6,97,146.3,144.0t,137.5t,114.3t,104.3,151.5,154.8t,94.4
2020/10/01,137.5,153.3,149.9,170.2,176.6,190.5,147.1,160.9,167.9,177.7,124.5,161.2,143.9,128.3,112.5,169.9,143.6,156.4,151.5,165.8,160.1,119.2,113.5,124.7,106,140.5,137.6,146.9,107.6,106.3,151,128.8,94.3,101.1,108.4,94.4,132.7,138.7,172.4,156.6,165.9,180.1,148.5,120.1t,106.1t,153.7,139.9,153.1,127.9,154,94.9,125.1,145.8,140.3,139.2,162.9,158.9,130.5,128.7,133.8,136.7,126.9,116.3,106.2,120,87.5,156.4,153.1,155.5,127.7,151.7,168.4,167,145.9,141,149.6,137.4,143.8,104.6,152.1,145.4,160.3,133.5,131.3,134,95.4,92.7,123,125.6,127.0t,99.0t,111.3t,144,151.1,146.4,123.6,108.2,126.4,153.9,86.7,104.7,119.9,130.2,161.5,162.3,159.5,161.6,148.3,127.6,127.5,113.2,148.7,153.6,117.4,174,170.3,265,143.6,175.3,161,146.5,262,124,182.8,124.3,138.3,114.1,105.6,79.5,212.5,122.7,82.4,180.1,174.1,196.5,126.2,111.1,109.9,124,147.3,106.9,118.5,104.4,141.2,144.4,117.4,120.4,129,108.6t,112.1t,155.8,157.1,129.9,113.9,123.8,194.1,150.5,100.5,96.7,91.7,95.1,97.6,82.5,121.3,137.7,111.6,..t,92.1,89,88.1,88.1,85.9,92.9,85.5,96.4,96.4,96.4,193.6,95.4,83.7,79.3,92,78.7,95,93,96.3,99.6,93.3,144.8,97.2t,86.0t,103.3,116.7,210.3,157.1,127.0t,145.0t,173.7t,171.5t,141.1,138.7,107.6,107.4,108.4,114.2,117.9,102,121.6,166.1,149,150.6,137.7,157.9,191.4,197.8,139.9,174.5,200.3,155.2,161.6,166.4,175,146.5,155.9,154.7,142.2,130.2,131.8,105.3,100.9,87.4,82.4,127.6,117,105.8t,100.8t,105.7t,120.7,177.2,139.3,171.6,193.9,129.1,106.2,106.3,101.5,98.4t,99.4t,101.7t,134.9,104.4,165.3,116.1,101.5,50.6,83,89,17.3,77.6,53.8,27.3,74.7,129.6,138.5,118.4,172.4,150.1,177.7,46.5,43.3,21.1,..t,81.6,..t,93.2,68.5,112.4,184.2,152.8,218.1,159.9,166.5,170.7,178.8,150.3,150.3,158.7,203.5,156,125.2,172.5,132.9,148.2,154.9,130,151.1,126.3,135.5,112.7,125.1,249.9,249.7,255.3,84,..t,134.4,132.5,138.8,136.3,137.7t,136.3t,133.5,136.2,136.7,..t,133.3,152.2,148.3,149.4,..t,..t,..t,122.9,93.2,97.8,146.9,144.6t,138.9t,115.0t,105.1,151.9,154.8t,94.2
2020/11/01,137.7,153.9,150.6,170.9,177.2,189.6,149.1,167.3,167.4,171.9,140,162.9,155.3,137.6,123.7,169.7,145,158.9,155.5,164.3,160,117.6,113.1,123.5,107.2,141.6,138.8,146.9,107.2,106.5,153.2,133.1,97.8,100.5,113.1,100,132.1,136.5,173,155.2,165.6,178.2,147.2,122.4t,102.8t,155.6,137.2,153.4,124.8,148.3,91.9,118.7,148.6,139.6,137.6,160.3,164,130.8,125.7,134.6,136.7,128.7,119.6,103.3,123.9,88.5,159.1,156.8,160.3,119.2,154.2,177.8,174,146.1,145.8,147.7,138.1,143.3,100.9,152.3,141.6,155.6,130.3,131.9,133.7,94.1,93.5,129.4,129.7,126.9t,103.9t,110.4t,144.3,160.2,147.1,122.3,110,125.2,153.4,86.6,103.5,120.8,130.9,161.6,162.5,159.6,161.7,148.7,127.7,127.7,113.9,148.7,153.9,116.3,175.9,170.3,265,143.6,176.5,162.2,146.8,262,127.3,186.1,124.3,138,113.9,104.7,78.2,212.5,123.9,83.5,180.1,174.1,196.5,124.9,108.9,107,122.5,146.9,106.1,118.2,104.4,140.3,143.5,116.1,120.6,128,108.2t,110.2t,155.5,155.1,129.7,113.6,123.8,194.1,150.5,101.1,98.9,94.1,98.8,99.2,83.6,121.2,138.2,111.4,..t,91.5,88.3,88.1,88.1,85.9,90.9,81,97.2,97.2,97.3,196.6,96.2,84.9,80.7,93,79.1,94.1,92.1,96,100.1,91.9,147.2,100.5t,88.2t,106.4,111,216.7,157.9,127.0t,146.6t,174.4t,172.1t,141.3,138.7,108.1,107.9,108.8,114.5,118.5,102.5,121.6,165.4,146.8,150.6,137.7,157.9,191.5,198,139.9,174.5,200.3,155.2,163.8,166.4,175,146.5,159.1,158.1,142.1,130.6,132,105.4,100.8,87.4,81,127.6,117.4,106.8t,101.5t,104.1t,122.2,177.4,142.5,171.6,193.9,129.7,106.7,108.8,102.2,98.6t,100.8t,103.1t,135.8,104,166.1,115.6,100.9,50,83.1,89.6,16.8,77.4,49,26.3,75.6,129.9,138.5,118.5,171.9,148,177.8,46.3,44.5,20.8,..t,81.6,..t,91.8,65.5,112.5,184.3,152.9,218.1,159.9,166.5,170.7,178.8,150.1,150.3,158.7,203.5,156,125.2,172.1,132.4,147.5,153.7,129.7,150.7,126,135,112.6,124.6,249.9,249.6,255.1,83.8,..t,134.6,132.7,139.1,136.6,137.9t,136.5t,133.7,136.5,137,..t,133.7,152.5,150,149.1,..t,..t,..t,123.2,93.5,98.4,147.1,144.3t,138.6t,115.2t,105.4,152.1,154.9t,93.8
2020/12/01,137.4,153.6,150.2,170,176.7,188.8,149.1,168,163.4,168.4,134.4,163.8,154.7,138,121.1,171,144.7,158.4,153.7,167.2,161.6,120,113.2,122.3,109.4,141.5,138.7,146.7,106.9,106.3,151.9,132.4,97.6,101.9,112.3,96.4,127.8,138.8,172.8,156.4,167.5,181.6,151.7,126.2t,105.9t,154.3,137.3,149.4,125.4,152.8,93.7,120.5,142.4,140,137.9,160.1,155.3,131,127.8,136.4,139.5,129.4,117.7,105.9,122.5,91.5,157,157.1,160.6,121.9,158.1,172.5,173.9,146.4,145.1,148.5,136.5,142.8,96,152.6,142.2,154.7,131.4,132.2,134.4,95.3,93.3,127.1,128.4,127.0t,102.2t,111.1t,142.7,160.2,144.1,118.5,108.7,123,151.9,86.9,101.4,120.7,126.4,161.6,163,158.2,161.7,148.7,127,127,113.1,148.7,154.1,115.1,177.2,170.3,265.8,144.1,177.5,163.2,147.9,262,125.8,200.3,123.6,137.3,112.2,101.2,74.8,212.5,126.6,79,180.1,174.1,196.5,124.9,110.3,108.3,124.3,145.4,104.3,116.4,107.5,140,142.5,114.9,120.4,131.2,110.9t,112.9t,155.5,155.4,128.7,113.2,124,194.1,150.5,100.3,98.8,94.1,98.8,99.2,83.6,120,136.9,110.2,..t,90.1,86.3,86,87.5,84.6,87.8,79.9,96.5,96.6,96.5,196.6,92.1,80.1,76.1,88,74.6,92,88.4,93.2,97.8,91.3,144.9,96.8t,85.0t,102.5,111,216.7,157.9,127.0t,146.6t,174.4t,172.1t,142.3,139,107.5,107.3,108.2,114.1,117.7,102,120.6,167.1,151.7,150.6,137.7,157.9,191.6,197.5,139.9,174.5,204.6,155.2,171.2,166.4,175,146.5,169.9,169.8,138.3,130,131.8,105.2,100.4,87.4,81,126.4,117.8,106.8t,101.5t,105.7t,121.9,177.4,142.5,171.6,193.9,128.6,105,104.6,100,95.7t,98.6t,102.7t,132.5,104.2,166,115.5,100.5,50.2,83.5,89.3,17,78.6,49.3,25.6,75.9,129.6,139,118.8,173.1,152.5,177.9,43.8,39.3,20.2,..t,74,..t,91.2,64.2,112.4,184.3,153.1,218.1,159.8,167.6,170.7,178.8,150.8,150.3,171.2,203.5,156,138.3,171.4,131.6,147,153.1,129.1,150.3,125,133.9,111.4,124.4,249.8,249.6,255,83.5,..t,134.3,132.2,138.8,136.3,137.6t,136.2t,133.3,136,136.6,..t,133.2,153.2,150.4,152,..t,..t,..t,122.5,92.9,95.5,147.5,145.3t,137.9t,114.5t,104.1,152.1,155.0t,92.8
2021/01/01,138.2,155,151.7,171.9,179,191.7,150.1,169.4,169.9,174.2,142.8,162.2,157.8,136.9,132,168.4,143.4,157.1,152.4,166.4,165.3,116.1,111.8,120.1,109.8,141.6,138.8,146.7,106.9,106.4,158.3,134.4,100.2,99.8,115,98.2,131.6,133.9,173,154.2,163.1,175.3,146.6,117.3t,105.7t,152.7,138.2,149.3,126.9,149.2,92,113.1,148.1,140.9,137.8,162.1,145.1,130.3,129.3,138.7,145,127.7,116.3,104.4,124.8,88,160.9,162.5,168.1,129.1,177.7,166,181,145,142.5,147.5,139,145.9,108.8,153.7,147.6,159.1,137,131.9,134.4,97.4,91.3,124.6,125.3,127.9t,98.6t,111.1t,144.8,157.9,143.6,117.2,108.8,123.9,155.8,85.7,104.8,123.8,135.1,162.6,163.2,161.3,162.7,148.4,127.3,127.3,112.5,148.7,154.2,113.9,178.1,170.3,266.1,144.1,178.3,159.8,141.9,264.6,124,210.3,124.3,138.6,115.2,105.4,78.9,213.3,126.6,83.3,180.1,174.1,196.5,124.1,110.1,109.4,122.1,144,99.6,118,105.8,139.8,143.9,117.6,118.9,123.1,103.5t,107.4t,156,155.8,129.2,113.9,124,195.2,150.5,99.9,97.9,93.3,97.8,99.4,82.4,118,133.8,108.6,..t,90.1,86.3,86,87.5,84.6,87.8,79.9,96.5,96.6,96.5,196.6,91.9,80.1,75.6,88.6,75.2,90.1,84.9,92.2,94.4,90.6,147,100.3t,87.8t,106.1,111,216.7,157.9,127.0t,146.6t,174.4t,172.1t,144.9,142.4,110.4,110.3,111.2,116.7,121.2,104.7,120.6,170.7,160.9,151.6,138.9,158.8,191.5,197.3,140.5,175.7,204.7,155.2,166.4,167.9,176.7,147.5,162.3,161.7,138.3,130.3,131.7,105.1,100.4,87.4,82.1,126.1,117.6,106.8t,101.5t,105.0t,121.2,177.4,142.5,171.6,193.9,129.3,105.8,109.3,101.5,97.7t,101.2t,102.6t,128.4,103.8,166.6,116.3,101.4,50.6,84.3,91.2,17,77.2,51,27.2,75.1,130.5,141.7,121.5,175.1,161.1,177.6,44.9,43.1,20.6,..t,74,..t,91.6,64.5,113.1,185.5,154.1,220.2,160,167.9,171,178.8,149.9,153.2,171.4,205.3,156.5,138.3,172.5,132.6,147.7,153.6,130.8,150.8,126.1,134.5,113.3,125.1,252.5,252.3,257.7,82.9,..t,135.1,132.8,139.8,137.1,138.5t,137.1t,134.5,136.7,137.2,..t,135.5,154.8,154.3,154.3,..t,..t,..t,123.8,94.5,95.4,148.9,146.6t,138.4t,115.7t,105.1,152.5,155.7t,95
2021/02/01,138.9,155.6,152.6,169.5,174.9,187.7,145.3,168.2,165.3,167.8,144.1,162.9,158.6,138.1,131.6,169.1,143.9,156.8,154,161,160.7,110,113.5,125,105.4,143.1,140.4,151,110.1,109.5,153.6,134.2,99.5,102.6,112.1,99.5,133.3,136.8,172.7,157.1,168.6,185,147.9,120.6t,105.0t,156,137.4,147.5,125.2,152.1,95.3,119.6,150.4,143.4,141.4,162.4,151.8,130.7,133.4,141.6,146.7,131.9,117.9,109.1,126.4,93.4,156.4,163.8,169,126,179.8,163.7,182.7,147.5,149.7,148,139.5,148,105.9,156.8,147,161.3,135.3,131.9,133.8,96.4,91.4,128.9,128.1,128.4t,101.7t,111.0t,145.4,157.3,144.5,119,108.9,125.1,156.1,87.5,103.7,125.4,132.4,162.9,163.4,161.8,163,148.8,127.3,127.2,114.3,148.7,154.5,112.9,179.9,170.3,267.7,144.1,178.8,161.7,144.3,264.6,123.9,221.3,124.3,137.7,111.7,100.3,73.8,213.6,126.6,84.7,183,177.4,198.1,123.8,108,107.6,119.2,145.5,104.9,116.8,105.1,137.8,141,114.1,118.5,125.2,105.4t,109.2t,156.8,156.4,131.2,113.6,124,195.2,152.4,101.5,97.8,93.3,97.8,99.4,82.4,117.8,137.3,107.6,..t,93,89.3,90.1,91.1,87.2,90.4,86.7,97.7,97.6,97.8,196.6,92.7,80.7,76.2,88.3,77.6,92.1,86.4,94.5,95,93,146.1,101.6t,89.0t,107.5,109.5,211.4,158.7,127.0t,146.9t,175.8t,174.0t,147.1,144.8,111.7,111.6,112.6,118.4,122.6,106,120.6,174.3,171.3,151.6,138.9,158.8,191.3,196.9,140.5,175.7,204.7,155.2,166.7,167.9,176.7,147.5,162.7,162.1,138.3,130.5,131.9,105.2,100.5,87.4,81.4,126.5,118,106.8t,101.5t,106.4t,121.6,177.4,142.5,171.6,193.9,129.8,106.1,106.4,102.2,99.1t,102.1t,101.5t,130.1,103.8,167.4,116.1,101.1,49,72.4,90.3,16.8,76.9,49.4,27.4,70.8,131.1,143.7,123.2,177.3,170.1,177.4,45,41.4,20.8,..t,75.1,..t,91.8,64.2,113.7,185.8,154.9,220.2,160.4,167.9,171,178.8,150.1,153.2,171.4,205.3,156.5,138.3,173.2,133,148.4,155.2,130.2,151,126.3,136.5,111.7,125.2,254.8,254.5,259.9,82.9,..t,135.8,133.1,140.5,137.8,139.2t,137.7t,135.3,137.1,137.6,..t,136.4,157,156.5,160.4,..t,..t,..t,125.2,95.4,96.1,150.9,149.5t,138.7t,117.2t,105.8,152.6,155.6t,92.7
2021/03/01,139.6,155.5,152.5,170.2,175.2,188.7,144.7,166.8,168.3,170.8,146.6,162.3,157.8,135.5,135.2,168.5,144.9,158.7,155,164.9,160.2,115.5,113.1,121.5,111.1,144.9,141.8,151.5,110.2,109.9,160.8,133.6,97.5,102.6,113.8,99.5,131.9,141.6,179.6,156.8,167.3,182,149.7,123.2t,105.5t,154.6,138.6,150.6,126.2,152.6,93.8,116.4,150.9,142.4,138.7,166.9,145.8,130.5,129.6,141.2,146.4,131.4,118.1,108.3,125.6,92.9,164.6,157.4,160.7,133.5,149.9,158.2,175.4,147,149.5,147.3,141.5,150.4,108.2,159.3,150.1,161.5,139.4,129.4,131.1,94,90,127.3,126,129.2t,99.0t,111.9t,149.5,154.8,145.4,120.2,109.2,127.4,162.7,89.9,111.2,126.6,136.1,162.6,163.6,160.4,162.7,150,128.1,128,115.8,148.7,155.2,112.1,182.4,170.3,268.8,144.4,180.9,165.6,148,264.6,127.5,233,123.5,135.8,106.9,93.3,66.8,213.8,126.6,84.9,183,177.4,198.1,123.5,107.2,107.8,116.9,145.7,104.1,117.1,106.8,137.9,140.5,112.7,119.5,128.9,106.0t,118.8t,156.8,154.4,130.4,112.4,126,195.2,153.2,103,99.8,95.4,98.8,102.9,84.7,118.3,137.8,108.2,..t,93.8,90.9,90.1,91.1,87.2,94.8,86.7,97.9,97.9,98.1,199.7,93.7,82.2,77.6,90.4,77.9,92.1,88.7,95.1,95.2,91.1,145.5,101.2t,87.8t,106.5,109.5,211.4,158.7,127.0t,146.9t,175.8t,174.0t,148.8,146,111.3,111,112,118.6,121.7,105.5,128.3,177.7,181.3,151.6,138.9,158.8,190.8,196.4,140.5,175.7,204.7,155.2,173.8,167.9,176.7,147.5,173.1,173.3,137.8,130.5,132,105.5,100.6,87.4,81.4,126.9,118.5,108.0t,102.6t,104.3t,122,177.5,142.7,171.6,193.9,129.5,105.7,104.1,102,98.2t,101.0t,103.2t,133.4,102.8,167.3,116.4,101.7,49.3,81.3,91.3,16.2,76.3,45.2,27.5,73.5,131.7,144.9,124.1,179.3,179.1,176.9,45.4,44,20.8,..t,75.1,..t,92.4,64.8,114.2,186.3,155.1,221.1,160.6,167.1,171.1,178.8,150.7,153.2,161.9,205.3,156.5,128.3,173.6,133.3,147.9,154.9,128.8,150.9,127,137.4,112.5,125.2,255.5,255.2,260.6,82.7,..t,136.5,133.4,141.2,138.5,139.8t,138.4t,135.7,137.3,138,..t,136,158.8,150.8,167.4,..t,..t,..t,126.2,95.5,96.8,152.6,152.8t,138.7t,118.5t,106,152.9,155.4t,89.7
2021/04/01,140.3,155.4,152,173.5,179.8,194.9,148.7,160.7,171.2,179.3,132.7,164.6,158.3,142.5,120.7,171.2,145.1,157.4,152.7,166.6,163.3,115,115.6,125.9,110.1,146.1,143,151.6,110.5,109.9,158.7,136.1,99.9,102.1,117.6,100.9,130.3,143.3,180.9,156.2,166.9,181.6,149.8,124.7t,104.5t,153.8,137.6,150,125.7,148.5,89.9,119.9,151,141.9,138.6,166.1,147.3,130.2,129.4,140.4,144.5,132,119,114.2,124.8,91.1,162.2,151.1,151.7,135.5,121.4,156.7,167.2,149.8,152,150.4,140.5,149.4,111.2,157.4,150.2,168.1,137,129.2,130.3,92.1,90.8,130.8,126.7,128.2t,100.0t,111.7t,147.3,159.3,145.4,119.4,109.9,128.1,157.6,87.2,105.1,126.5,135.3,163.2,163.8,161.7,163.3,150.7,127.8,127.7,115.8,149,156.1,111.2,185.1,170.3,270.2,144.7,184.1,167.9,149.6,266.6,131.7,231.3,124.7,137.6,110.2,98.1,71.6,214,126.6,82.3,183,177.4,198.2,123.2,107.6,106.9,119.3,144.7,105.6,115,105.5,138.3,141.4,113.6,120,126.6,104.2t,116.3t,158.1,157.8,133.7,113.7,126,196.8,153.2,102.9,99.5,95.4,98.8,102.9,84.6,116.3,137.8,105.8,..t,93.9,91.3,89.7,92.5,87.2,95.2,85.1,98.4,98.3,98.5,199.7,94.9,83.7,80.2,90.6,78.3,92.6,89.3,95.4,97.1,91.3,145,100.2t,87.3t,105.7,109.5,211.4,158.7,127.0t,146.9t,175.8t,174.0t,149.5,146.3,111.4,111.1,112.1,118.4,121.9,105.6,128.3,178.4,184.6,152.3,138.3,160.1,188.8,193.6,140.5,175.7,204.7,155.2,177.2,167.9,176.7,147.5,178.1,178.4,139.2,132.5,134.5,106.2,101.5,87.5,79.6,129.8,119,108.0t,102.6t,106.3t,122.2,183.5,142.7,179.1,198.5,130.9,107.6,105.2,104.6,101.9t,101.8t,103.7t,132.5,104.1,167.7,116.8,102.2,49.8,81.2,89.2,16.6,75.7,49.8,27.8,76.5,132.3,144.7,124,178.9,182.3,175.2,44.8,45.5,20.9,..t,65.9,..t,93.2,65.8,114.7,187.1,155.8,222.4,160.9,167.2,171.1,178.8,151,153.2,162.2,208.9,156.9,128.3,174.4,133,147.6,154.6,128,150.9,126.7,137.5,111.7,125.3,260.1,259.9,264.7,82.8,..t,137.4,134.2,142,139.2,140.6t,139.1t,136.4,137.9,138.6,..t,135.8,159.5,146,170.2,..t,..t,..t,126.8,95.6,97.6,153.5,154.8t,140.0t,119.4t,106.6,153.7,156.4t,92
2021/05/01,141,156.6,153.6,175.4,182.7,198.5,147.9,171.9,171.5,175.4,145.5,166.6,165.9,147.6,130.7,172.2,147.6,160.9,157,167.8,159.6,119,116.3,126,112,146.6,143.7,151.3,110.2,109.7,163.1,136.6,98.4,103.7,121,101,134.6,143.5,179.7,157.8,168.8,179.9,152.6,127.3t,106.2t,158.9,138.8,149.4,126.4,150.8,89.8,121.6,157.1,143.9,141.1,167.8,158.4,130.6,130.7,141.2,144.5,133.7,119.8,114.7,126.7,93.2,163.4,153.8,155.1,137,102.6,149.2,176.7,150.1,152.2,150.7,141.6,150.3,116.6,157.4,152.2,164.9,140.9,133.7,136.2,93.9,97.3,125.9,124.1,129.0t,97.0t,111.2t,147.6,153.5,145.4,118.8,110.2,127,159.7,89.7,105.3,129.4,139,163.5,164.2,161.8,163.6,151.7,128.7,128.6,115.6,150.9,157.2,110,188.8,170.3,270.6,145.1,188.3,168.2,148.3,266.6,134.5,236.8,124.7,137.9,108.9,96.3,69.7,214.1,126.6,79.8,183.2,177.5,199,123.8,106.5,104.4,120.3,146.8,103.9,118.8,107.1,139.2,141.7,111.6,123.8,131,107.7t,120.6t,159.8,157.3,133.8,116.9,126,201.3,153.7,102.5,100.7,96.4,100.8,103.9,84.3,118.7,137.4,108.7,..t,92.4,90.3,89.7,92.5,87.2,92.3,82.6,96.6,96.6,96.6,199.7,95.1,83.4,79.2,91.2,78.7,94.1,91.8,96.8,97.9,92.2,146.2,98.5t,86.6t,104.4,109.5,218.2,160.4,127.0t,148.5t,179.0t,176.6t,150.3,147.6,113,112.8,113.8,118.2,124.3,107.1,128.3,179.1,190.5,152.3,138.3,160.1,185,188.4,140.5,175.7,204.7,157.3,173.2,167.9,176.7,147.5,172.2,172.1,139,132.4,134.4,106.1,101.6,87.8,81.4,129.3,118.6,108.0t,102.6t,104.9t,120.3,183.5,142.7,179.1,198.5,130.8,107.2,106.1,103.9,101.1t,101.8t,103.0t,135.5,103.3,168.1,117.6,103.2,49.8,81.9,90,16.6,74.9,50.4,27.8,74.6,132.9,145.2,125,177.5,186.9,171.8,44.5,44.5,20.8,..t,65.9,..t,95.5,70.2,115.3,188.6,156.8,222.4,164.3,167.2,171.1,178.8,151,153.2,162.2,208.9,156.6,128.3,175.2,132.2,146.3,153.4,126.9,149.2,126.2,137.2,111.3,124.2,266.7,266.5,271.1,82.8,..t,138,134.6,142.8,139.9,141.3t,139.8t,137.1,138.5,139.2,..t,136.3,161.2,149,173.2,..t,..t,..t,127.9,96.4,97.7,155.1,156.4t,140.5t,120.3t,107.2,154,156.3t,91.2
2021/06/01,141.4,156.8,153.8,176.7,185.2,199.7,152.1,175.7,172.9,176.7,147.3,166.7,168.7,146.6,140.8,171.8,146.2,159.7,156.9,163.2,160.8,113.5,114.7,126.3,107.7,145.3,142.2,151.2,109.8,109.7,162.1,136,97.8,101.9,122.2,99.8,128,141.1,179.8,157.7,168.2,178.9,153.3,..t,..t,158.1,139.2,149.2,127.7,150.3,91.9,118.3,153.8,144.5,141.8,171.5,166.6,130.5,130,142.7,147.1,133.6,120.1,113.5,127.1,92.9,160.8,153.4,154.4,133.7,101.9,153,175.9,150.7,155.1,150.3,142.2,149,113.6,156.5,156.9,174.3,144.3,133.3,135.7,96.3,94.4,126.4,125.3,..t,..t,..t,149.5,148.5,146.2,120.4,110.3,129.7,162.7,90.2,109.9,128.7,138,163.9,164.9,161.9,164.1,152.8,129.1,129,116.3,150.9,158.9,109.2,191.8,170.3,278.2,145.6,192.4,168.1,147.8,266.6,134.7,239.8,124.8,137.6,106.3,92.2,66,214.2,126.4,80.9,183.6,177.7,199.6,124.8,108.3,106.8,121.4,147.3,103.7,120,106.2,139.6,142.7,111.7,127.3,129.2,..t,..t,161,160.6,134.9,119.7,126,202.1,154.7,103.1,101,96.4,100.8,103.9,84.4,120.3,138.4,110.2,..t,93.3,92.3,92.7,94.9,88.7,94,84.1,96.1,96.3,96,199.7,93.4,81.1,76.8,88.7,77.1,93.5,91.9,95.8,97,91.4,146.6,..t,..t,105.1,109.5,218.2,160.4,..t,..t,..t,..t,150.8,148.3,113.3,113,114,118,124.6,107.3,145.1,180.2,193.6,152.3,138.3,160.1,184.7,187.6,140.5,175.7,208.2,157.3,168.9,167.9,176.7,147.6,164.5,163.1,139.7,132.6,134.7,106.5,102.2,87.9,81.4,130.9,118.6,..t,..t,..t,119.9,183.5,142.7,179.1,198.5,130.9,107.4,105.2,104.5,..t,..t,..t,133.1,103.5,168.2,118,103.5,49.9,81.4,91,16.4,75.3,47.8,27.4,77.6,133.3,146.2,125.9,178.8,189.6,171.6,43.6,43.9,21,..t,58.6,..t,97.5,73.1,115.6,188.7,157.1,222.4,164.6,168.3,171,178.8,149.7,153.2,171.1,208.9,156.9,141.9,175.5,132.3,146.4,152.4,128,150.3,126.3,136.5,111.4,125.5,267.7,267.5,272,82.7,..t,138.4,135,143.3,140.3,..t,..t,137.2,138.8,139.5,..t,136.4,161.8,149,174.7,..t,..t,..t,128.1,96.6,97,155.7,..t,..t,..t,107.2,154.6,..t,89.4
2021/07/01,142.3,157.6,154.4,180.9,190.1,204.6,156.9,180.6,178,182.7,148.4,169.5,172.3,150.9,141.1,174.4,146.6,160.5,157.2,165.7,163.5,114.6,114.4,125.9,107.7,146.4,143.5,152.3,110.8,110.5,161.2,135.5,98.6,99.5,121.5,99.4,129.4,145.7,179.6,157.9,166.6,176.9,152.3,..t,..t,156.6,141.6,149.7,129.8,153.8,93.4,116.5,158.8,141.7,138.8,175.8,161.1,130,126,138.6,141.3,132,119.3,112.3,128.4,88.8,162.9,154.8,156.3,140.5,102,130.1,179.5,150.3,155.1,149.7,141.9,146.7,116.4,153,161.3,179.4,148.4,132.3,133.3,95,92.4,130.8,130.8,..t,..t,..t,149.2,154.1,147,121.6,110.6,128.9,161.3,86,107.5,130.4,134.4,165.2,165.6,163.9,165.3,153.5,129.3,129.2,117.2,150.9,159.6,108.5,193.6,170.3,277.8,145.9,195,169.8,150.8,266.6,133.7,243.2,125.6,138.4,108.1,95.3,68.8,214.4,125.9,81.9,183.6,177.7,199.6,124.2,108.9,109.2,119.1,145.8,102.2,118.8,106.4,141.9,145.5,115,125.5,130,..t,..t,161.1,161.6,135,120.3,126,202.1,154.7,104.1,102.8,98.6,104.1,103.9,86.9,119.7,139.7,109.4,..t,93.4,92.3,92.7,94.9,88.7,94,84.1,96.4,96.5,96.2,202,93,80.8,76.3,89.5,75.6,92,89.4,96,92,90.7,146.6,..t,..t,105,109.5,218.2,160.4,..t,..t,..t,..t,152.2,149.9,113.7,113.4,114.4,118.2,125.2,107.6,145.1,183.1,200.4,154,139.9,161.9,183.3,185.5,140.5,175.7,208.2,157.3,166,161.8,168.7,147.3,164.2,162.6,140.5,133.4,135.3,107.2,102.6,87.9,81.4,132,119.3,..t,..t,..t,123.2,183.7,144.8,179.1,198.5,131.9,108.8,104.9,106.5,..t,..t,..t,134.7,104.6,166.8,119.7,105.4,49.9,82,91.1,16.4,75.4,48.1,27.7,76.1,131.1,148.5,127.8,181.9,196,171.3,45,44,22,..t,58.6,..t,102.9,81.5,116.3,191.8,154.4,229.3,164.7,168.3,170.8,178.8,148,153.2,171.8,211.9,157.5,141.9,175,132.5,146.5,152.5,128.1,150.4,126.5,136.7,111.8,125.4,269.5,269.3,274,78.2,..t,139.3,135.6,144.2,141.2,..t,..t,138.1,139.5,140.2,..t,136.9,163.6,148.5,179.2,..t,..t,..t,129.1,97.4,97,157.1,..t,..t,..t,107.7,155.4,..t,91.4
2021/08/01,142.6,158,154.7,182.1,190.3,203.8,159.9,179,179.6,184.6,148.6,171.1,174.3,153.9,139.9,176,146.8,161.2,158.7,164.1,161.1,109.7,113.6,124.1,108,148.3,144.9,151.4,110.5,109.7,162.3,138.5,100.6,99.4,123.9,103.6,127.8,147.9,186.1,158.5,167.2,178.2,153.3,..t,..t,156.1,142.3,152.1,130.2,153.9,90.7,126.5,160.1,142.5,139.4,181.5,157.7,133.1,126.1,140.6,143.4,133.8,119.1,117.6,126.9,92.6,162.1,152.2,152.8,136.4,108.2,130.2,174.3,150.3,153.3,150.6,141.7,144,112.3,150.6,166.9,174.6,156,131.7,133.7,93.9,93.9,126.2,130.7,..t,..t,..t,148.8,153.4,147.4,125.3,108.7,129.6,160.4,89.3,105.3,130.8,135.1,165.9,166.5,164.3,166,153.9,129.1,129,117.9,150.9,160.1,107.8,194.9,170.3,277.1,145.9,197.1,170.9,152.2,266.6,134.8,244.1,125.8,138.2,106.9,93.7,67.4,214.5,125.5,80,183.6,177.7,199.6,122.6,108,107.8,118.9,143.4,99,119,101.4,145.5,149.3,119,125.2,133,..t,..t,161.4,163.7,135,120.5,126.9,202.1,154.7,104.7,103.2,98.6,104.1,103.9,86.8,122.7,140.4,112.6,..t,94.2,93.4,94.8,97.3,89.9,94,84.9,96.8,96.8,96.7,202,93.3,80.6,75.5,90.4,75.5,92.1,88.9,96.3,93.6,90.7,150.2,..t,..t,106.3,111.9,226.7,161.7,..t,..t,..t,..t,153.8,150.4,114.3,114,115,118.9,125.7,108.1,145.1,183.5,201.3,154,139.9,161.9,183.3,185.6,140.5,175.7,208.2,157.3,195.2,161.8,168.7,147.3,217.1,223.6E,141.7,133.3,134.9,106.8,102.4,87.9,81.4,131.4,119.3,..t,..t,..t,120.5,183.7,144.8,179.1,198.5,132,108.2,104.2,105.8,..t,..t,..t,133.7,104.2,169.6,118.6,104.2,49.2,79.3,90.2,16.3,74.9,48.1,27.4,75.9,127.6,148.6,127.8,182.3,196.9,171.3,45.4,44.1,22.2,..t,58.6,..t,96.3,91.3,88.7E,191.3,151.6,229.3,164.1,168.1,170.6,178.8,145.6,153.2,171.8,211.9,157.4,141.9,176.2,134.1,150.1,158.3,128.1,152.9,127.6,138.2,112.8,126.2,270,269.8,274.7,77.4,..t,139.7,135.9,144.6,141.5,..t,..t,138.5,139.8,140.6,..t,137.2,164.2,147,180.2,..t,..t,..t,129.4,97.7,97,157.6,..t,..t,..t,108,155.7,..t,90.6
2021/09/01,142.9,158.5,155.4,184.8,195.1,211.5,159.8,180.3,182,186.6,152.6,172.1,177.3,155.8,144.1,176.6,147.1,158.9,156.2,162.3,155.2,110.7,118.4,132,109.3,148,144.8,151.8,110.8,110,163.4,136.8,98.6,100.5,124.2,99.4,136.8,146.5,183.6,158.1,168.5,179.5,151.1,..t,..t,159.9,139.8,148.9,128,152.3,93.9,119.7,155.2,141.5,137.3,174.7,157.3,132.9,124.3,141.4,144.8,133.8,119.8,114.8,128.3,91.9,163.4,150,149.5,126.3,116.1,132.9,169.9,151.5,152.8,152.5,144.3,149.7,108.9,158.5,175.4,180.9,164.5,132.8,134.4,96.9,92.1,128.8,136.5,..t,..t,..t,149,152.5,150.7,128.7,110.8,130.7,160,88.1,107.2,127.7,137,165.9,167,163.7,166.1,154.4,129.8,129.7,118.3,152.1,160.7,107.3,196.3,170.3,279.5,146.2,198.3,170.5,151,266.6,135.1,249.2,125.9,138.4,106.8,92.9,66.7,214.7,126.6,81.7,185.2,178.5,202.3,122,106.1,104.7,118.6,143.9,96.9,120.3,103.7,143.9,148.9,119.1,123.4,127.3,..t,..t,162,162.6,134.9,120.2,125.9,202.4,156.2,104.6,102.7,97.8,106.5,101.1,83.3,124.4,142.3,114.2,..t,94.4,93.9,94.8,97.3,89.9,95.3,84.9,96.8,96.8,96.7,202,94.7,82.3,77.7,91.2,77,93.3,92,94.7,98,90.9,150.3,..t,..t,106.5,111.9,226.7,161.7,..t,..t,..t,..t,153.2,150.3,114.3,113.7,114.7,118.9,125.4,107.9,195,183.4,201,154,139.9,161.9,183.3,185.5,140.5,175.7,208.2,157.3,179.2,161.8,168.7,147.3,188.1,190.4,140,133.7,135.2,106.9,102.2,87.9,81.4,131,119.4,..t,..t,..t,122.3,184.3,144.8,178.9,200.4,132.6,108.9,108,106.7,..t,..t,..t,133.2,104.2,169.6,119,104.4,49.5,81.1,90.1,16.3,73.9,49.2,27.4,76.5,127.6,148,127.1,182.2,196.7,171.3,45,44.4,21.9,..t,58.6,..t,97.7,88,96.1,191.6,151.6,229.8,164.1,169.6,173.9,182.2,147.7,156.7,162.7,211.9,157.5,127.9,175.8,133.6,150.2,158.3,128.7,152.9,127,137.6,112.6,125,270.1,269.9,274.8,77.4,..t,139.9,136.2,145,141.8,..t,..t,138.7,140.1,140.9,..t,137.2,164.5,144.3,179.9,..t,..t,..t,129.6,97.5,97.8,157.7,..t,..t,..t,108,156.1,..t,90.6
2021/10/01,143.9,159.2,155.8,187.1,197.5,217.1,160.1,170.5,183.1,192.5,134.2,174.9,170,154.2,127,181.6,149.3,162.4,158,170.5,164.4,119,118.4,132,109.1,146.6,143.1,151.9,110.6,110.1,159.3,134.8,95.8,98.5,124.5,98.5,132.1,145.2,185.1,159.3,168.9,181.9,147.7,..t,..t,160.3,142.1,151.3,132.1,152.7,88.8,128,147.6,141.7,138,163.7,162.2,133.4,126.1,140.4,143.5,133.3,119.1,114.9,126.8,92.6,163.4,149.4,149.3,125.1,121.8,145.9,167.9,150.1,147.9,152.7,144.4,148.4,116.7,155.1,174.6,175.7,164.8,136,138.9,99.4,96,127.2,135.6,..t,..t,..t,149.3,155.7,149.5,126.6,110.5,132.4,158.7,88.6,106.2,126.8,136.6,167.1,168.2,164.8,167.2,155.4,130,129.8,118,152.7,161.4,107,197.5,172.8,278.3,146.3,199.5,174.8,150.8,266.8,147.2,270.7,126.5,139.6,109.6,97.1,70.4,214.9,127.3,86.6,185.4,178.7,202.6,125,109.4,110.3,118.8,146.9,102.2,120.8,105.3,143.2,147.1,117,124.4,130.4,..t,..t,162.2,163.4,135.7,121.2,125.9,202.4,156.2,104.4,102.8,97.8,106.5,101.1,83.3,124.6,142.1,114.4,..t,94,93.9,94.4,99.3,92.6,92.8,85.1,95.7,95.7,95.7,202,96,83.8,79.1,93.5,77.2,94.9,92.7,96.7,100.2,93.3,149.9,..t,..t,105.8,111.9,226.7,161.7,..t,..t,..t,..t,155.4,152.8,114.6,114.1,115,119.3,125.7,108.2,195,188.4,211.1,156.3,142.6,163.3,183.9,185.2,140.5,175.7,208.2,169.5,173.9,161.8,168.7,147.4,178.4,179.1,140.5,133.9,135,106.7,101.6,87.9,78.6,129.8,119.6,..t,..t,..t,125.1,184.3,144.8,178.9,200.4,133,109.4,107.5,107.3,..t,..t,..t,134.6,104.6,169.6,120.1,105.5,50.1,83.3,90.7,16.4,74.6,48.8,27.8,77.2,130.2,151,129.4,186.9,205.5,171.9,46.6,43.7,21.7,..t,73.4,..t,95.8,80.7,101.8,192.3,154.5,229.8,165.1,170,174.3,182.2,152.4,156.7,163.2,211.6,159.8,127.9,176.2,134,150.2,158.3,128.7,152.9,127.5,138.4,112.4,125.9,270.7,270.5,275.2,77.2,..t,141,136.8,146,142.9,..t,..t,139.7,140.7,141.6,..t,138,167,144.5,187.5,..t,..t,..t,130.9,98.1,99.1,159.7,..t,..t,..t,108.8,156.7,..t,92.6
2021/11/01,144.2,160.7,157.7,186.3,198.8,218.8,155.1,188.1,177.7,181.3,152.2,175.3,178.3,160.5,136,180.4,148.6,161.2,158.2,165.5,160.5,114,118.6,132.2,109.4,146.7,143.4,151.9,110.3,110.2,157.8,136.3,98.2,100.9,123.1,99.9,135.7,143.4,183.2,161.6,170.7,183.6,150.1,..t,..t,161.7,144.8,151.1,134.5,158.3,97.4,125,151.4,144.2,139.6,157.7,165.3,133.5,128.8,145.5,149.7,136.5,127.6,116.2,126.2,94.5,164.5,161.4,164,120.7,137.4,178.3,185.1,153.8,154.4,155.1,144.2,148.9,114.7,156.2,173,181.3,161.6,134.8,137.8,100.3,93.7,125.7,139.6,..t,..t,..t,147.7,151.6,147.6,121.3,111.4,130.1,158.3,92.5,105.4,125.9,136,167.8,169.1,165.2,167.9,155.9,130,129.9,119.7,152.7,162,106.7,199.6,172.8,278.3,146.4,200,176.7,151.9,266.8,151.4,275.1,126.3,138.3,105.7,90.6,64.2,215.4,127.5,82.9,185.4,178.7,202.6,124.7,110.1,110.9,119.8,145.7,103.4,117.2,108.2,145.7,149.3,118.7,126.5,133.4,..t,..t,162,162.4,135,120.3,125.9,202.4,156.2,105.9,106,102.3,109.9,106.8,88.4,120.2,145.9,108.8,..t,93.7,93.8,94.4,99.3,92.6,92.4,85.6,94.9,94.9,95,206,96.9,84.5,80.1,94.2,77.2,96.2,93.9,97.6,103.1,94.4,151.1,..t,..t,106.8,111.4,229.2,164.7,..t,..t,..t,..t,155.4,152.9,115,114.4,115.4,120.7,125.9,108.6,195,188.2,210.8,156.3,142.6,163.3,183.9,185.2,140.5,175.7,208.2,169.5,171.3,161.8,168.7,147.3,173.8,173.5,141.9,134.1,134.9,106.5,101.6,87.9,81.4,129.3,120,..t,..t,..t,122.4,184.3,145.2,178.9,200.4,133.7,109.7,109.3,107.3,..t,..t,..t,134,105,171.3,118.5,103.7,49.5,81.4,89.3,16.3,73.8,49.1,28.2,76.3,130.2,151.3,129.7,186.9,205.5,171.9,46.2,44.1,21.3,..t,73.4,..t,85.2,78.2,82.0E,192.3,154.5,229.8,165.1,170,174.3,182.2,151.8,156.7,163.2,211.6,159.9,127.9,176.6,134.5,150.9,159.3,129.3,153.3,128,139.1,113,126.1,270.1,270,274.6,77.2,..t,141,136.8,146.3,143.1,..t,..t,139.8,141,141.9,..t,138.2,168.4,153,188.4,..t,..t,..t,131.7,98.6,99.3,160.8,..t,..t,..t,109.1,156.5,..t,89.6
2021/12/01,144,161.6,158.8,185.3,196.2,211.2,161.6,188,175.1,178.9,149.2,177.1,178.8,164.4,128.4,182.6,149.1,163.4,161,165.9,162.3,115.3,116,128,108.8,145.9,142.9,152.2,110.7,110.4,157.1,135,95.3,99.3,125.4,98.9,133.9,144.1,179.4,164.1,175.4,190.9,155.8,..t,..t,162.2,144.5,152.8,133.9,160.4,100,122.4,145.6,147.4,145.6,170.8,165.5,134.3,135,144.8,149,136.1,123,116.2,123.9,99.1,159.9,163.3,166.1,131.4,141,182.1,185.7,155.1,154.5,156.9,145.4,147.5,120.2,153.2,178,182.7,167.2,135.8,138.3,98.1,96.3,128.1,140.6,..t,..t,..t,150.4,157,149.7,125.6,111.4,130,162.2,89.3,109,129.1,136.2,168.2,169.6,165.4,168.3,156.8,130.6,130.5,119.2,152.7,163.1,106.4,201.3,172.8,290.6,147,201.2,177.1,153.5,266.8,150.5,268.9,126.1,138.2,105.3,90,63.7,215.5,127.5,83.9,185.4,178.7,202.6,124.6,107.1,106.9,117.9,147.9,104.3,119.9,108.3,146,147.8,115.6,132.3,139.7,..t,..t,162,162.2,134.7,120.2,127.8,202.4,156.2,105.6,106,102.3,109.9,106.8,88.4,119.9,146.7,108.3,..t,93.2,94,92,99.7,93.4,93.5,85.9,93.4,93.6,93.2,206,93.1,80.4,76.6,89.2,73,93.1,90.2,95.2,98.5,91.9,146.8,..t,..t,99.7,111.4,229.2,164.7,..t,..t,..t,..t,154.9,151.6,115.3,115,116,120.9,126.6,109.1,149.5,184.9,202.2,156.3,142.6,163.3,184.1,185.2,140.5,175.7,210.1,169.5,191.8,161.8,168.7,147.3,210.8,216.4,141.4,133.4,135,106.6,101.8,87.9,81.4,129.7,120.1,..t,..t,..t,122,184.3,145.2,178.9,200.4,132.2,108,107.7,104.7,..t,..t,..t,133.4,104.4,171.3,117.7,102.5,48.7,80.2,89.2,15.7,72.6,45.2,28,75.9,129.6,150.6,129.9,183.4,198.3,172.1,44.3,43,20.2,..t,71.2,..t,85.5,77.7,83.3,192.2,153.8,229.9,165.1,171.3,174.4,182.2,152.7,156.7,172.2,211.6,161.1,141.3,175.7,133.7,150.9,159.3,129.3,153.3,127,137.8,112.2,125.2,269.7,269.6,273.9,76.5,..t,140.7,136.7,146.2,143.1,..t,..t,139.3,141.1,142,..t,138.5,167.9,156.9,184.2,..t,..t,..t,130.8,98.2,97.1,160.1,..t,..t,..t,108.2,157.2,..t,89.4
